CSV,package,date,diff_commits,same_lines,right_files,added_lines,different_files,different_lines,same_files,removed_lines,common_files,common_lines,right_lines,left_files,normal_effort,diff_files,equal_lines,left_lines
CSV,acl:2.2.48-1,20090825T110258Z,81,5988,34,2314,117,3494,59,1993,59,13858,890,30,54,85,7870,1791
CSV,bash:3.2-4,20080513T000000Z,6,92091,85,147978,543,140697,642,105488,642,585202,27929,0,3,501,493111,0
CSV,bash:4.3-11,20141007T221402Z,17,92090,86,148083,545,140745,641,105477,641,585096,27930,2,6,501,493006,1
CSV,bash:4.4~rc1-1,20160314T033346Z,0,761109,0,0,0,0,1228,0,1228,761109,0,0,1,0,0,0
CSV,git:1:2.0~next.20131230-1,20140104T040354Z,9045,146280,336,143765,1333,178249,1422,82016,1422,565873,114219,75,2699,1128,419593,16498
CSV,git:1:2.5.0+next.20150727-1,20150728T222424Z,4054,223576,161,102589,982,104200,1895,64412,1895,687084,36507,53,1166,875,463508,4893
CSV,openssl:1.0.1t-1+deb8u5,20160923T202119Z,5196,4433,435,95777,1782,243217,163,117832,163,385742,98716,594,2203,1268,381309,174110
CSV,openssl:1.0.2d-2,20150908T213435Z,5195,4433,435,95776,1782,243216,163,117831,163,385743,98716,594,2203,1268,381310,174110
CSV,acl:2.2.45-1,20070916T000000Z,142,646,42,3627,161,5441,9,3054,9,10970,1900,35,89,123,10324,2301
CSV,bash:3.2-5,20090301T220322Z,6,92091,85,147978,543,140697,642,105488,642,585202,27929,0,3,501,493111,0
CSV,bash:4.3-10,20140930T222649Z,20,91640,86,148179,546,140801,640,105493,640,585000,27930,2,8,502,493360,1
CSV,git:1:1.8.5~rc3-1,20131122T035106Z,9208,139990,344,147611,1365,181450,1391,83881,1391,561511,114735,84,2749,1151,421521,16673
CSV,git:1:2.1.4-2.1+deb8u2,20160319T151142Z,5713,169081,246,137776,1203,147166,1632,80121,1632,617857,70073,56,1604,1052,448776,6363
CSV,openssl:1.0.1t-1+deb8u4,20160922T165618Z,5196,4433,435,95777,1782,243217,163,117832,163,385742,98716,594,2203,1268,381309,174110
CSV,openssl:1.0.2d-3,20151101T213643Z,5195,4433,435,95776,1782,243216,163,117831,163,385743,98716,594,2203,1268,381310,174110
CSV,bash:3.2-6,20090801T192339Z,6,92091,85,147978,543,140697,642,105488,642,585202,27929,0,3,501,493111,0
CSV,bash:4.2-1~exp1,20110911T211512Z,6,92091,85,147978,543,140697,642,105488,642,585202,27929,0,3,501,493111,0
CSV,bash:4.3-13,20150727T034022Z,8,92091,85,147993,544,140705,642,105488,642,585187,27929,1,4,501,493096,1
CSV,bluez:4.34-0exp1,20090503T154338Z,17544,1594,211,29086,220,75657,13,10849,13,34070,95691,76,5672,77,32476,15688
CSV,git:1:1.7.0.5-2~dbg0,20100423T161332Z,22994,27343,643,158114,1568,210407,475,69931,475,268170,132903,279,7232,1107,240827,59867
CSV,git:1:2.1.4-2.1+deb8u1,20160105T205136Z,5713,169081,246,137776,1203,147166,1632,80121,1632,617857,70073,56,1604,1052,448776,6363
CSV,openssl:1.0.2i-1,20160922T223930Z,5195,4433,435,95776,1782,243216,163,117831,163,385743,98716,594,2203,1268,381310,174110
CSV,acl:2.2.32-1,20051012T000000Z,177,646,45,2840,160,5481,9,2289,9,10691,2966,35,114,120,10045,2867
CSV,bash:4.3-12,20150128T222235Z,14,92090,86,148032,545,140731,641,105499,641,585147,27930,2,5,501,493057,1
CSV,git:1:1.7.7.3-1,20111116T221300Z,17434,54951,650,143505,1639,250829,835,78434,835,385839,267981,110,5332,1259,330888,11738
CSV,git:1:1.7.9.5-1,20120328T215857Z,16185,61508,575,141085,1581,244950,952,77369,952,403525,258316,103,4920,1242,342017,13130
CSV,git:1:2.0~next.20140318-1,20140320T042639Z,8386,151809,298,146872,1318,165444,1455,85721,1455,588562,90009,63,2470,1138,436753,8286
CSV,git:1:2.6.3+next.20151204-1,20151209T105533Z,2867,251443,108,82998,883,83008,2024,48720,2024,718944,29724,50,801,804,467501,4575
CSV,openssl:1.0.2d-1,20150709T214436Z,5195,4433,435,95776,1782,243216,163,117831,163,385743,98716,594,2203,1268,381310,174110
CSV,acl:2.2.26-1,20050312T000000Z,187,646,47,3103,159,5750,9,1666,9,10010,3384,36,123,118,9364,3347
CSV,bash:4.3-15,20160623T222133Z,1,92091,85,147953,543,140683,642,105485,642,585227,27929,0,2,501,493136,0
CSV,git:1:1.7.9-1,20120130T213156Z,16720,60977,582,142670,1587,246290,943,78120,943,401528,258728,104,5096,1244,340551,13063
CSV,git:1:2.1.0~rc1-1,20140806T043619Z,7137,167144,262,133789,1218,150836,1609,77156,1609,607549,84368,56,2110,1059,440405,6360
CSV,git:1:2.7.0~rc3-1,20160105T041901Z,2533,255123,106,81352,881,74622,2027,47482,2027,734426,15888,50,714,803,479303,4522
CSV,git:4.3.20-11,20070517T000000Z,41591,1151,1296,80326,979,215466,13,21370,13,22759,298651,142,14822,260,21608,30586
CSV,openssl:1.0.1j-1,20141016T091205Z,7041,1391,507,253074,1812,412081,73,249387,73,171520,136158,721,3172,1198,170129,185544
CSV,openssl:1.0.1t-1+deb8u1,20160519T044723Z,5196,4433,435,95777,1782,243217,163,117832,163,385742,98716,594,2203,1268,381309,174110
CSV,bash:2.01.1-4,20090802T004153Z,113,1622,595,168737,721,211859,38,54406,38,87222,185217,109,42,369,85600,15359
CSV,bash:3.2-1,20080211T000000Z,6,92091,85,147978,543,140697,642,105488,642,585202,27929,0,3,501,493111,0
CSV,bash:4.3-14,20150901T034109Z,5,92091,85,147974,543,140695,642,105488,642,585206,27929,0,3,501,493115,0
CSV,bluez:4.63-1,20100427T160839Z,16814,2145,180,29453,229,73622,20,11559,20,41949,83093,93,5366,93,39804,23139
CSV,git:1:1.7.9~rc0-1,20120109T152825Z,16813,60806,586,142893,1589,246595,939,78230,939,401029,259004,104,5129,1244,340223,13063
CSV,git:1:1.8.3.2-1,20130702T094107Z,10648,113224,402,159481,1437,200097,1259,85333,1259,517976,138432,96,3217,1188,404752,16949
CSV,git:1:2.0~next.20140214-2,20140226T100705Z,8609,149135,303,148242,1327,166809,1444,86332,1444,586502,90699,64,2552,1144,437367,8345
CSV,git:1:2.0~next.20140415-1,20140417T044142Z,8202,155109,302,145736,1301,164252,1509,84719,1509,590278,89692,63,2415,1119,435169,8357
CSV,git:1:2.5.0+next.20150803-1,20150811T033940Z,4137,222033,163,102550,988,106272,1888,64221,1888,683725,39905,54,1175,880,461692,5868
CSV,git:1:1.7.7.1-1,20111025T225936Z,17547,54715,657,143931,1641,251352,829,78689,829,385047,268347,110,5365,1258,330332,11738
CSV,git:4.3.20-10,20060822T000000Z,41591,1151,1296,80326,979,215466,13,21370,13,22759,298651,142,14822,260,21608,30586
CSV,bash:3.1dfsg-9,20080210T000000Z,6,92091,85,147978,543,140697,642,105488,642,585202,27929,0,3,501,493111,0
CSV,bash:3.2-2,20080421T000000Z,6,92091,85,147978,543,140697,642,105488,642,585202,27929,0,3,501,493111,0
CSV,bluez:4.63-2,20100506T040015Z,16814,2145,180,29453,229,73622,20,11559,20,41949,83093,93,5366,93,39804,23139
CSV,bluez:4.82-1,20101228T084417Z,15692,2145,165,36456,252,75665,20,13892,20,50598,74899,98,4907,121,48453,26084
CSV,git:1:1.7.7~rc1-1,20110915T150810Z,17679,54249,663,144427,1642,251796,826,78745,826,383864,268660,112,5409,1255,329615,11761
CSV,git:1:1.8.5.1-1~bpo70+1,20131215T155114Z,9132,140012,342,147599,1364,181236,1393,83488,1393,561545,114713,84,2734,1151,421533,16673
CSV,git:1:2.0~next.20140214-1,20140218T221200Z,8609,149135,303,148242,1327,166809,1444,86332,1444,586502,90699,64,2552,1144,437367,8345
CSV,openssl:1.0.2f-2,20160128T214152Z,5195,4433,435,95776,1782,243216,163,117831,163,385743,98716,594,2203,1268,381310,174110
CSV,openssl:1.1.0-1,20160825T221820Z,178,648020,25,4173,158,5548,6580,2164,6580,769164,4614,2,79,145,121144,146
CSV,openssl:1.0.1t-1+deb8u3,20160906T042603Z,5196,4433,435,95777,1782,243217,163,117832,163,385742,98716,594,2203,1268,381309,174110
CSV,bash:3.1dfsg-8,20061212T000000Z,6,92091,85,147978,543,140697,642,105488,642,585202,27929,0,3,501,493111,0
CSV,bash:3.2-3,20080512T000000Z,6,92091,85,147978,543,140697,642,105488,642,585202,27929,0,3,501,493111,0
CSV,git:1:1.7.5.4-1~s390x,20110730T193350Z,18562,50623,701,154788,1638,262258,780,81775,780,363792,276333,109,5672,1233,313169,11620
CSV,git:1:2.0~next.20140127-1,20140129T040620Z,8833,147452,329,142549,1328,175652,1431,82719,1431,571955,109353,75,2635,1126,424503,16684
CSV,git:1:2.5.3-1,20150919T033125Z,3733,221502,165,104471,994,109609,1881,65294,1881,678385,43257,54,1071,885,456883,6196
CSV,git:4.3.20-12,20070828T000000Z,41591,1151,1296,80326,979,215466,13,21370,13,22759,298651,142,14822,260,21608,30586
CSV,openssl:1.0.1t-1+deb8u2,20160519T044723Z,5196,4433,435,95777,1782,243217,163,117832,163,385742,98716,594,2203,1268,381309,174110
CSV,openssl:1.0.2h-1,20160503T215657Z,5195,4433,435,95776,1782,243216,163,117831,163,385743,98716,594,2203,1268,381310,174110
CSV,acl:2.2.47-1.1,20080424T000000Z,134,646,40,3624,162,5313,9,3072,9,11244,1629,35,81,125,10598,2301
CSV,bash:3.1dfsg-7,20061023T000000Z,6,92091,85,147978,543,140697,642,105488,642,585202,27929,0,3,501,493111,0
CSV,bluez:4.99-3,20130605T100459Z,14083,3763,217,51770,321,105318,25,15260,25,63379,113928,111,4284,157,59616,29679
CSV,bluez:5.21-1,20140714T044034Z,3913,26555,142,60091,597,79852,223,17764,223,326285,64392,29,1392,512,299730,17457
CSV,git:1:1.8.4~rc3-1,20130818T154633Z,9786,128606,371,159361,1399,191456,1335,87555,1335,545667,118809,89,2955,1169,417061,17187
CSV,git:1:2.6.2+next.20151022-1,20151024T034534Z,3163,247337,116,85857,905,87284,1996,54420,1996,710852,29770,50,916,822,463515,4522
CSV,openssl:1.0.1h-3,20140615T042239Z,7041,1391,507,253074,1812,412081,73,249387,73,171520,136158,721,3172,1198,170129,185544
CSV,bash:3.1dfsg-6,20061014T000000Z,6,92091,85,147978,543,140697,642,105488,642,585202,27929,0,3,501,493111,0
CSV,bash:4.2-5.1,20121217T041157Z,6,92091,85,147978,543,140697,642,105488,642,585202,27929,0,3,501,493111,0
CSV,bluez:4.42-2~bpo50+1,20091022T084738Z,17268,1594,210,28569,221,75472,13,10556,13,34717,95561,77,5553,78,33123,16259
CSV,bluez:4.56-1,20091013T164619Z,16934,1603,180,30314,233,73915,14,11806,14,41088,83093,88,5435,99,39485,22618
CSV,bluez:4.99-2,20120325T033655Z,14083,3763,217,51770,321,105318,25,15260,25,63379,113928,111,4284,157,59616,29679
CSV,git:1:1.7.10.4-2,20121101T212641Z,15210,63260,552,195275,1579,242527,983,84502,983,423174,185706,96,4586,1255,359914,19571
CSV,git:1:1.9~rc1-1,20140128T040055Z,8831,147452,329,142548,1328,175651,1431,82718,1431,571956,109353,75,2633,1126,424504,16684
CSV,git:1:2.0.0-1,20140529T045915Z,7718,157774,300,142479,1276,159374,1533,80316,1533,593571,89656,58,2260,1097,435797,6298
CSV,git:1:2.1.1+next.20140919-1,20140923T101236Z,6777,170694,254,135165,1200,145131,1631,78914,1631,620885,69656,57,1986,1045,450191,6528
CSV,git:1:2.1.4+next.20141218-1,20141220T040525Z,5985,176662,217,124714,1150,134692,1698,73733,1698,636281,64711,53,1706,1015,459619,6227
CSV,git:1:2.5.1-1,20150829T040550Z,3901,220263,171,105104,1002,110113,1871,65465,1871,677595,43414,55,1127,889,457332,6244
CSV,openssl:1.0.1h-2,20140609T162725Z,7041,1391,507,253074,1812,412081,73,249387,73,171520,136158,721,3172,1198,170129,185544
CSV,openssl:1.0.2j-1,20160926T221538Z,5195,4433,435,95776,1782,243216,163,117831,163,385743,98716,594,2203,1268,381310,174110
CSV,acl:2.2.51-1,20110624T032043Z,61,6905,27,2054,114,3222,65,1874,65,14260,748,30,42,86,7355,1768
CSV,bluez:4.56-2,20091014T042844Z,16934,1603,180,30314,233,73915,14,11806,14,41088,83093,88,5435,99,39485,22618
CSV,bluez:4.99-1,20120308T093550Z,14083,3763,217,51770,321,105318,25,15260,25,63379,113928,111,4284,157,59616,29679
CSV,bluez:5.21-3,20140821T040537Z,3913,26555,142,60091,597,79852,223,17764,223,326285,64392,29,1392,512,299730,17457
CSV,docker-compose:1.5.1-1,20151114T213542Z,987,1355,72,11275,146,10651,83,3993,83,13229,4479,22,504,99,11874,1555
CSV,git:1:1.7.10.4-1,20120608T163836Z,15210,63260,552,195275,1579,242527,983,84502,983,423174,185706,96,4586,1255,359914,19571
CSV,git:1:1.7.5.4-1,20110610T152859Z,18562,50623,701,154788,1638,262258,780,81775,780,363792,276333,109,5672,1233,313169,11620
CSV,git:1:2.0.0-2,20140618T044236Z,7718,157774,300,142479,1276,159374,1533,80316,1533,593571,89656,58,2260,1097,435797,6298
CSV,git:1:2.1.4+next.20141218-2,20141220T100804Z,5985,176662,217,124714,1150,134692,1698,73733,1698,636281,64711,53,1706,1015,459619,6227
CSV,openssl:1.0.1h-1,20140605T222216Z,7041,1391,507,253074,1812,412081,73,249387,73,171520,136158,721,3172,1198,170129,185544
CSV,openssl:1.0.1k-3+alpha,20150412T073015Z,7041,1391,507,253074,1812,412081,73,249387,73,171520,136158,721,3172,1198,170129,185544
CSV,bash:4.4~rc2-1,20160829T161153Z,0,761109,0,0,0,0,1228,0,1228,761109,0,0,1,0,0,0
CSV,bluez:5.21-2,20140728T222010Z,3913,26555,142,60091,597,79852,223,17764,223,326285,64392,29,1392,512,299730,17457
CSV,bash:3.0-15,20050526T000000Z,6,92091,85,147978,543,140697,642,105488,642,585202,27929,0,3,501,493111,0
CSV,bash:4.2+dfsg-0.1+deb7u1,20140924T140346Z,6,92091,85,147978,543,140697,642,105488,642,585202,27929,0,3,501,493111,0
CSV,bluez:4.98-2,20120202T040408Z,14356,3614,166,34548,279,84458,24,14526,24,58720,91517,108,4368,142,55106,28326
CSV,git:1:1.8.3~rc0-1,20130429T152306Z,11039,111962,409,160701,1440,200862,1252,85221,1252,516214,138974,95,3329,1188,404252,16829
CSV,git:1:2.0.0~rc0+next.20140421-1,20140422T231102Z,8152,157185,302,145450,1283,164043,1527,84561,1527,590564,89692,63,2402,1101,433379,8383
CSV,git:1:2.0.0~rc4+next.20140520-1,20140521T222743Z,7789,163439,290,139463,1242,156641,1570,78991,1570,597723,88520,55,2280,1070,434284,6308
CSV,openssl:1.0.1i-2,20140812T043630Z,7041,1391,507,253074,1812,412081,73,249387,73,171520,136158,721,3172,1198,170129,185544
CSV,bash:3.0-14,20050312T000000Z,6,92091,85,147978,543,140697,642,105488,642,585202,27929,0,3,501,493111,0
CSV,bash:4.1-1,20100102T154637Z,6,92091,85,147978,543,140697,642,105488,642,585202,27929,0,3,501,493111,0
CSV,bluez:4.98-3,20120225T152653Z,14356,3614,166,34548,279,84458,24,14526,24,58720,91517,108,4368,142,55106,28326
CSV,bluez:5.23-2,20141205T041258Z,3303,29463,111,65987,602,66477,232,18517,232,346370,38411,25,1205,534,316907,10039
CSV,git:1:1.8.4.1-1,20131022T035124Z,9651,129092,368,158702,1399,190612,1336,86728,1336,546520,118615,88,2896,1171,417428,17180
CSV,git:1:2.7.0~rc3+next.20151228-1,20160105T041901Z,2632,255433,107,77563,880,78474,2027,45274,2027,724513,29590,50,743,802,469080,4522
CSV,bash:3.0-17,20051014T000000Z,6,92091,85,147978,543,140697,642,105488,642,585202,27929,0,3,501,493111,0
CSV,bash:4.1-2,20100312T094243Z,6,92091,85,147978,543,140697,642,105488,642,585202,27929,0,3,501,493111,0
CSV,bash:4.2+dfsg-0.1+deb7u3,20140925T211441Z,6,92091,85,147978,543,140697,642,105488,642,585202,27929,0,3,501,493111,0
CSV,bluez:5.23-1,20140916T041024Z,3303,29463,111,65987,602,66477,232,18517,232,346370,38411,25,1205,534,316907,10039
CSV,git:1:1.8.4~rc1-1,20130802T154942Z,10257,128394,373,152245,1402,193304,1332,83553,1332,538140,133452,91,3110,1170,409746,17358
CSV,git:1:1.9.1-1,20140319T041544Z,8241,148751,319,148934,1321,169275,1439,86776,1439,580460,94463,68,2427,1128,431709,8377
CSV,bash:3.0-16,20050906T000000Z,6,92091,85,147978,543,140697,642,105488,642,585202,27929,0,3,501,493111,0
CSV,bash:4.1-3,20100410T164250Z,6,92091,85,147978,543,140697,642,105488,642,585202,27929,0,3,501,493111,0
CSV,bash:4.2+dfsg-0.1+deb7u2,20140925T211441Z,6,92091,85,147978,543,140697,642,105488,642,585202,27929,0,3,501,493111,0
CSV,bash:4.4~rc1+b2-1,20160725T220531Z,0,761109,0,0,0,0,1228,0,1228,761109,0,0,1,0,0,0
CSV,bluez:4.98-1,20120124T033505Z,14356,3614,166,34548,279,84458,24,14526,24,58720,91517,108,4368,142,55106,28326
CSV,git:1:1.8.4~rc4-1,20130820T154317Z,9698,128606,371,159490,1399,191496,1335,87506,1335,545538,118809,89,2921,1169,416932,17187
CSV,openssl:1.0.1i-1,20140807T042858Z,7041,1391,507,253074,1812,412081,73,249387,73,171520,136158,721,3172,1198,170129,185544
CSV,bluez:4.97-1,20120114T033924Z,14414,3614,166,35023,279,84851,24,14836,24,58245,91517,109,4390,142,54631,28326
CSV,git:1:1.7.10-1,20120411T153243Z,15857,62675,562,185749,1583,242334,973,83034,973,418481,199925,95,4788,1255,355806,15960
CSV,git:1:1.7.1~rc1-1,20100412T043933Z,22236,31743,640,177438,1610,211425,495,90100,495,297815,137181,194,6956,1193,266072,18131
CSV,git:1:1.7.4.1-3,20110310T163815Z,20135,45662,717,162795,1648,192337,705,85377,705,349732,125183,107,6171,1236,304070,11319
CSV,git:1:1.7.5-1,20110428T215532Z,19240,48259,712,156287,1647,263907,765,82474,765,361192,277434,109,5878,1237,312933,11619
CSV,git:1:1.8.5.3-1~bpo70+1,20140130T220837Z,8988,142112,340,147061,1358,180762,1400,83125,1400,562130,114666,84,2679,1146,420018,16673
CSV,git:1:2.1.4-2.1,20150203T041059Z,5743,169081,246,137782,1203,147169,1632,80121,1632,617851,70073,56,1617,1052,448770,6363
CSV,git:1:2.6.3-1,20151209T105533Z,3125,234382,126,89986,925,93064,1968,58057,1968,702619,33575,50,895,837,468237,4511
CSV,openssl:1.0.1f-1,20140106T220635Z,7041,1391,507,253074,1812,412081,73,249387,73,171520,136158,721,3172,1198,170129,185544
CSV,bash:2.05a-11,20050312T000000Z,107,4948,461,135058,798,187907,111,51188,111,157598,175438,80,36,528,152650,14130
CSV,docker-compose:1.5.2-1,20151211T095017Z,924,1416,66,10855,147,9538,85,3481,85,14705,3423,22,472,103,13289,1318
CSV,git:1:1.7.10-1~bpo60+1,20120513T022826Z,15857,62675,562,185749,1583,242334,973,83034,973,418481,199925,95,4788,1255,355806,15960
CSV,git:1:1.7.2.3-2.2~bpo50+1,20110211T174306Z,21470,32371,606,172847,1624,206164,508,90662,508,309233,131316,200,6647,1221,276862,17504
CSV,git:1:2.0~next.20131213-1,20131217T035229Z,9045,146280,336,143765,1333,178249,1422,82016,1422,565873,114219,75,2699,1128,419593,16498
CSV,git:4.3.20-7,20090802T004153Z,41591,1151,1296,80326,979,215466,13,21370,13,22759,298651,142,14822,260,21608,30586
CSV,openssl:1.0.1k-1,20150109T040630Z,7041,1391,507,253074,1812,412081,73,249387,73,171520,136158,721,3172,1198,170129,185544
CSV,bash:2.01.1-4.1,20090802T004153Z,113,1622,595,168737,721,211859,38,54406,38,87222,185217,109,42,369,85600,15359
CSV,git:1:1.7.0.5-1,20100421T220203Z,22994,27343,643,158114,1568,210407,475,69931,475,268170,132903,279,7232,1107,240827,59867
CSV,git:1:1.7.4.1-1,20110217T154648Z,20135,45662,717,162795,1648,192337,705,85377,705,349732,125183,107,6171,1236,304070,11319
CSV,git:1:1.8.3~rc2-1,20130515T153759Z,10385,112669,407,159839,1437,200702,1256,85799,1256,517244,138806,95,3148,1186,404575,16961
CSV,git:1:2.7.0-1,20160120T225934Z,2533,255123,106,81352,881,74622,2027,47482,2027,734426,15888,50,714,803,479303,4522
CSV,openssl:1.0.1k-2,20150320T212635Z,7041,1391,507,253074,1812,412081,73,249387,73,171520,136158,721,3172,1198,170129,185544
CSV,git:1:1.8.1.2-1,20130204T212617Z,12801,97209,456,177866,1498,216699,1169,90179,1169,490239,147234,100,3878,1220,393030,18119
CSV,git:1:1.8.5-1,20131201T040033Z,9059,139990,344,147587,1365,181438,1391,83881,1391,561535,114735,84,2704,1151,421545,16673
CSV,openssl:1.0.1k-3,20150325T033018Z,7041,1391,507,253074,1812,412081,73,249387,73,171520,136158,721,3172,1198,170129,185544
CSV,acl:2.2.35-1,20060228T000000Z,163,646,45,2827,160,5239,9,2262,9,10704,2966,35,104,120,10058,2424
CSV,bluez:4.40-1,20090522T154656Z,17318,1594,210,28637,221,75559,13,10577,13,34649,95561,77,5590,78,33055,16344
CSV,bluez:4.66-1,20100622T102553Z,16720,2145,178,28891,229,73123,20,11372,20,42915,82689,91,5321,95,40770,23294
CSV,bluez:5.36-1,20151107T095539Z,464,237223,20,12134,196,12797,687,5893,687,435883,4855,8,234,182,198660,2712
CSV,docker-compose:1.2.0-1,20150602T222415Z,1943,248,112,8528,135,10436,19,2759,19,3489,7047,23,952,68,3241,2538
CSV,git:1:1.8.5~rc2-1,20131122T035106Z,9295,139372,345,147735,1366,181565,1389,83978,1389,561377,114745,84,2779,1152,422005,16673
CSV,git:1:2.0.0~rc0-1,20140422T231102Z,8188,155109,302,145712,1301,164263,1509,84740,1509,590302,89692,63,2410,1119,435193,8383
CSV,git:1:2.1.4-1,20141220T040525Z,5743,169081,246,137782,1203,147169,1632,80121,1632,617851,70073,56,1617,1052,448770,6363
CSV,git:1:2.4.3+next.20150611-1,20150616T042321Z,4558,216819,181,107804,1014,112774,1854,66493,1854,673439,44870,56,1294,896,456620,6382
CSV,git:1:1.7.1-1~bpo50+1,20100619T210107Z,22421,31812,639,177285,1611,211252,496,90068,496,298217,136932,197,7019,1193,266405,18220
CSV,git:4.3.19-2,20090802T004153Z,41591,1151,1296,80326,979,215466,13,21370,13,22759,298651,142,14822,260,21608,30586
CSV,git:4.3.20-2,20050312T000000Z,41591,1151,1296,80326,979,215466,13,21370,13,22759,298651,142,14822,260,21608,30586
CSV,openssl:1.0.2c-1,20150612T221834Z,5195,4433,435,95776,1782,243216,163,117831,163,385743,98716,594,2203,1268,381310,174110
CSV,acl:2.2.23-1,20050312T000000Z,194,527,48,3263,160,5962,8,1811,8,9731,3503,36,129,118,9204,3347
CSV,bash:4.1-3+deb6u1,20140924T220917Z,6,92091,85,147978,543,140697,642,105488,642,585202,27929,0,3,501,493111,0
CSV,bluez:4.70-1,20100910T085151Z,16442,2145,175,32366,247,76044,20,13263,20,46701,81109,100,5206,110,44556,25350
CSV,bluez:5.21-1~exp0,20140708T042840Z,3913,26555,142,60091,597,79852,223,17764,223,326285,64392,29,1392,512,299730,17457
CSV,git:1:1.9.2-1,20140410T042655Z,8172,150995,316,148454,1307,168858,1455,86553,1455,581070,94333,68,2409,1115,430075,8377
CSV,git:1:2.0.0+next.20140528-1,20140530T041931Z,7735,163439,290,138883,1242,156321,1570,78928,1570,598303,88520,55,2265,1070,434864,6312
CSV,git:1:2.0~next.20131217-1,20131218T095700Z,9045,146280,336,143765,1333,178249,1422,82016,1422,565873,114219,75,2699,1128,419593,16498
CSV,git:1:2.0~next.20140107-1,20140110T220106Z,8676,146999,333,142445,1331,177536,1426,82110,1426,567532,113880,75,2579,1127,420533,16638
CSV,git:1:2.1.3+next.20141103-1,20141105T040910Z,6408,172610,232,132070,1180,140768,1662,77532,1662,627998,65638,57,1860,1036,455388,6297
CSV,git:1:1.7.5.3-1,20110527T220520Z,18873,49858,703,155231,1641,262803,776,82209,776,363134,276548,109,5777,1235,313276,11618
CSV,git:1:1.7.7-2,20111013T151903Z,17762,54655,660,144142,1641,251553,828,78701,828,384658,268525,110,5441,1256,330003,11738
CSV,git:1:1.7.7.3-1~bpo60+2,20111218T143845Z,17434,54951,650,143505,1639,250829,835,78434,835,385839,267981,110,5332,1259,330888,11738
CSV,git:1:1.7.8.3-1+alpha,20120113T023114Z,16842,57150,631,143233,1647,249455,852,78188,852,392653,263977,116,5142,1274,335503,13512
CSV,git:1:1.8.4~rc2-1,20130811T034547Z,10144,128604,372,151221,1399,192698,1334,83539,1334,539167,133449,89,3060,1169,410563,17187
CSV,git:4.3.17-1,20090802T004153Z,41591,1151,1296,80326,979,215466,13,21370,13,22759,298651,142,14822,260,21608,30586
CSV,bash:4.1-3+deb6u2,20140926T043003Z,6,92091,85,147978,543,140697,642,105488,642,585202,27929,0,3,501,493111,0
CSV,bluez:4.66-3,20101218T083823Z,16720,2145,178,28891,229,73123,20,11372,20,42915,82689,91,5321,95,40770,23294
CSV,bluez:5.19-1~exp0,20140624T222113Z,4539,24524,162,68459,594,85202,212,18185,212,313621,68688,20,1582,503,289097,15073
CSV,git:1:1.7.4.1-5,20110322T192200Z,20135,45662,717,162795,1648,192337,705,85377,705,349732,125183,107,6171,1236,304070,11319
CSV,git:1:1.7.7-1,20111011T152250Z,17762,54655,660,144142,1641,251553,828,78701,828,384658,268525,110,5441,1256,330003,11738
CSV,git:1:1.7.7.3-1~bpo60+1,20111207T174054Z,17434,54951,650,143505,1639,250829,835,78434,835,385839,267981,110,5332,1259,330888,11738
CSV,git:1:2.0~next.20140207-1,20140208T042311Z,8609,149135,303,148242,1327,166809,1444,86332,1444,586502,90699,64,2552,1144,437367,8345
CSV,git:1:2.6.1-1,20151006T033854Z,3454,229715,133,91826,963,94671,1927,58723,1927,700235,34119,52,970,871,470520,4675
CSV,bluez:4.40-2,20090526T034930Z,17318,1594,210,28637,221,75559,13,10577,13,34649,95561,77,5590,78,33055,16344
CSV,bluez:4.63-2~powerpcspe1,20100611T231044Z,16814,2145,180,29453,229,73622,20,11559,20,41949,83093,93,5366,93,39804,23139
CSV,bluez:4.66-2,20101104T211325Z,16720,2145,178,28891,229,73123,20,11372,20,42915,82689,91,5321,95,40770,23294
CSV,bluez:4.94-3+s390x,20110803T035540Z,15043,2347,154,35075,258,73804,21,14377,21,55881,70997,100,4628,131,53534,27159
CSV,git:1:2.0.0~rc0+next.20140422-1,20140423T222803Z,8152,157185,302,145450,1283,164043,1527,84561,1527,590564,89692,63,2402,1101,433379,8383
CSV,git:1:2.1.0~rc1+next.20140804-1,20140806T043619Z,7137,167144,262,133789,1218,150836,1609,77156,1609,607549,84368,56,2110,1059,440405,6360
CSV,git:1:2.1.4-2,20141220T100804Z,5743,169081,246,137782,1203,147169,1632,80121,1632,617851,70073,56,1617,1052,448770,6363
CSV,git:1:2.6.4-1,20151211T040840Z,3050,235554,123,89655,915,92771,1979,57885,1979,703034,33491,50,873,829,467480,4511
CSV,git:1:2.8.0~rc3-1,20160317T100542Z,1810,303259,91,70663,726,64677,2188,41358,2188,747523,13480,47,479,657,444264,3853
CSV,git:1:1.7.1-1.1~bpo50+1,20100730T204809Z,22421,31812,639,177285,1611,211252,496,90068,496,298217,136932,197,7019,1193,266405,18220
CSV,git:1:1.7.4.1-4,20110316T215302Z,20135,45662,717,162795,1648,192337,705,85377,705,349732,125183,107,6171,1236,304070,11319
CSV,git:1:1.7.6~rc1-1,20110610T152859Z,18824,52203,681,151484,1642,258256,792,80402,792,371432,273596,109,5759,1247,319229,11031
CSV,git:1:1.7.8~rc3-1,20111118T151858Z,17330,56229,639,144165,1653,250162,845,78381,845,391437,264293,117,5293,1275,335208,13485
CSV,git:1:1.8.3~rc3-1,20130520T034513Z,11002,112669,406,159708,1437,200569,1256,85736,1256,517423,138758,95,3319,1187,404754,16936
CSV,git:1:2.0.0~rc0-2,20140423T222803Z,8188,155109,302,145712,1301,164263,1509,84740,1509,590302,89692,63,2410,1119,435193,8383
CSV,bash:2.0-3,20090802T004153Z,115,1486,652,171477,699,218184,26,60445,26,79731,189968,99,44,324,78245,14479
CSV,bluez:4.94-2,20110617T091028Z,15043,2347,154,35075,258,73804,21,14377,21,55881,70997,100,4628,131,53534,27159
CSV,bluez:5.17-1~exp0,20140416T053134Z,5145,24011,192,73528,581,90041,207,17247,207,298827,78034,17,1759,477,274816,11274
CSV,docker-compose:1.3.1-1,20150704T212758Z,1744,303,100,8379,130,10427,30,3456,30,5092,6055,22,842,69,4789,2964
CSV,git:1:1.7.9~rc1-1,20120116T212847Z,16834,60822,583,142827,1589,246491,940,78148,940,401154,258945,104,5138,1246,340332,13063
CSV,git:1:1.8.2~rc1-1,20130303T033641Z,12238,100326,421,169489,1479,207054,1204,87635,1204,505474,140376,97,3681,1220,405148,16608
CSV,git:1:2.0.0~rc4-1,20140521T222743Z,7723,157410,300,142485,1277,159383,1532,80328,1532,593565,89656,58,2263,1098,436155,6298
CSV,git:1:2.0.1+next.20140627-1,20140701T043532Z,7495,164823,287,136685,1234,154246,1580,78496,1580,602026,86995,55,2195,1063,437203,6317
CSV,git:1:2.1.0-1,20140816T041419Z,6972,167800,262,133664,1214,150715,1613,77038,1613,607674,84368,56,2054,1055,439874,6360
CSV,git:1:1.7.8.3-1,20120109T152825Z,16842,57150,631,143233,1647,249455,852,78188,852,392653,263977,116,5142,1274,335503,13512
CSV,openssl:1.0.1e-2,20130319T033933Z,7097,1391,510,253562,1810,411287,73,246301,73,169597,137593,721,3203,1195,168206,185118
CSV,openssl:1.0.1g-4,20140513T052434Z,7041,1391,507,253074,1812,412081,73,249387,73,171520,136158,721,3172,1198,170129,185544
CSV,openssl:1.0.1k-3+deb8u2,20151204T074052Z,7041,1391,507,253074,1812,412081,73,249387,73,171520,136158,721,3172,1198,170129,185544
CSV,openssl:1.0.2g-1,20160301T213308Z,5195,4433,435,95776,1782,243216,163,117831,163,385743,98716,594,2203,1268,381310,174110
CSV,openssl:1.0.2~beta1-1,20140225T041152Z,6199,4149,445,244069,1826,400695,160,259918,160,209653,109039,729,2765,1239,205504,188364
CSV,openssl:1.1.0~pre5-5,20160702T163450Z,759,332312,2071,21484,2348,62050,3093,12293,3093,676692,67268,1291,331,667,344380,23055
CSV,bluez:4.101-4,20131214T095105Z,13766,4878,214,50876,319,104389,28,15211,28,64916,113285,110,4146,157,60038,29407
CSV,bluez:4.42-2,20090701T170942Z,17268,1594,210,28569,221,75472,13,10556,13,34717,95561,77,5553,78,33123,16259
CSV,bluez:4.94-3,20110724T152641Z,15043,2347,154,35075,258,73804,21,14377,21,55881,70997,100,4628,131,53534,27159
CSV,git:1:1.8.3~rc1-1,20130505T005130Z,11039,111962,409,160701,1440,200862,1252,85221,1252,516214,138974,95,3329,1188,404252,16829
CSV,git:1:2.1.0+next.20140815-1,20140816T041419Z,6972,167800,262,133664,1214,150715,1613,77038,1613,607674,84368,56,2054,1055,439874,6360
CSV,openssl:1.0.1e-3,20130522T093952Z,7097,1391,510,253562,1810,411287,73,246301,73,169597,137593,721,3203,1195,168206,185118
CSV,openssl:1.0.1k-3+deb8u3,20160301T143410Z,7041,1391,507,253074,1812,412081,73,249387,73,171520,136158,721,3172,1198,170129,185544
CSV,openssl:1.1.0~pre5-4,20160626T165803Z,814,308418,2072,27726,2398,68316,3041,18621,3041,670404,67314,1289,366,718,361986,22971
CSV,acl:2.2.37-1,20060505T000000Z,157,646,45,2816,160,5285,9,2266,9,10715,2966,36,101,120,10069,2523
CSV,bash:1.14.7-2,20090802T004153Z,116,871,705,119730,616,155941,17,39539,17,34374,124098,113,45,207,33503,28516
CSV,bash:3.1-5,20060706T000000Z,6,92091,85,147978,543,140697,642,105488,642,585202,27929,0,3,501,493111,0
CSV,bash:4.1-3+hurd.1,20110301T101121Z,6,92091,85,147978,543,140697,642,105488,642,585202,27929,0,3,501,493111,0
CSV,bluez:4.42-1,20090624T220751Z,17268,1594,210,28569,221,75472,13,10556,13,34717,95561,77,5553,78,33123,16259
CSV,bluez:5.20-1~exp0,20140708T042840Z,4191,26200,151,62410,591,81230,221,17604,221,321889,66469,22,1454,505,295689,15978
CSV,git:1:1.8.5~rc0-1,20131031T035445Z,9281,138409,347,149196,1375,182499,1379,83851,1379,559383,115278,84,2774,1160,420974,16673
CSV,git:1:2.0.0~rc2-1,20140507T061029Z,7882,157185,302,144015,1283,162815,1527,83540,1527,591999,89692,63,2313,1101,434814,8383
CSV,git:1:2.0~next.20140113-1,20140117T102821Z,8676,146999,333,142445,1331,177536,1426,82110,1426,567532,113880,75,2579,1127,420533,16638
CSV,openssl:1.0.1e-2+deb7u20,20160301T143410Z,7097,1391,510,253562,1810,411287,73,246301,73,169597,137593,721,3203,1195,168206,185118
CSV,openssl:1.0.2a-1,20150501T042823Z,5195,4433,435,95776,1782,243216,163,117831,163,385743,98716,594,2203,1268,381310,174110
CSV,acl:2.2.29-1,20050312T000000Z,184,646,47,2524,159,5390,9,2005,9,10589,3384,35,120,118,9943,2867
CSV,bash:3.1-4,20060324T000000Z,6,92091,85,147978,543,140697,642,105488,642,585202,27929,0,3,501,493111,0
CSV,bash:4.2+dfsg-0.1,20130101T091755Z,6,92091,85,147978,543,140697,642,105488,642,585202,27929,0,3,501,493111,0
CSV,bluez:4.94-1,20110609T090749Z,15043,2347,154,35075,258,73804,21,14377,21,55881,70997,100,4628,131,53534,27159
CSV,git:1:1.7.4.4-1,20110415T213502Z,19413,45963,707,161781,1644,191319,714,84885,714,351317,124612,108,5928,1237,305354,11360
CSV,git:1:1.7.6-1,20110704T151801Z,18196,52339,681,151437,1641,258218,793,80373,793,371479,273596,109,5565,1246,319140,11031
CSV,git:1:2.6.0-1,20150930T040107Z,3427,229110,144,91956,965,95054,1920,59043,1920,699789,34435,52,969,867,470679,4675
CSV,openssl:1.0.2g-2,20160422T161103Z,5195,4433,435,95776,1782,243216,163,117831,163,385743,98716,594,2203,1268,381310,174110
CSV,openssl:1.0.2i-1~bpo8+1,20160922T230220Z,5195,4433,435,95776,1782,243216,163,117831,163,385743,98716,594,2203,1268,381310,174110
CSV,openssl:1.0.1e-1,20130211T215500Z,7097,1391,510,253562,1810,411287,73,246301,73,169597,137593,721,3203,1195,168206,185118
CSV,openssl:1.0.1e-2+deb7u21,20160503T194108Z,7097,1391,510,253562,1810,411287,73,246301,73,169597,137593,721,3203,1195,168206,185118
CSV,openssl:1.0.1k-3+deb8u1,20150613T142522Z,7041,1391,507,253074,1812,412081,73,249387,73,171520,136158,721,3172,1198,170129,185544
CSV,openssl:1.0.1t-1+deb7u1,20160925T103229Z,5196,4433,435,95777,1782,243217,163,117832,163,385742,98716,594,2203,1268,381309,174110
CSV,acl:2.2.47-2,20080424T000000Z,134,646,40,3624,162,5313,9,3072,9,11244,1629,35,81,125,10598,2301
CSV,bash:3.1-3,20060305T000000Z,6,92091,85,147978,543,140697,642,105488,642,585202,27929,0,3,501,493111,0
CSV,bash:4.3~rc2-1,20140205T221404Z,47,90276,87,148498,546,141678,639,105563,639,583317,29294,2,16,502,493041,1
CSV,bash:4.4-1,20160917T161947Z,0,761109,0,0,0,0,1228,0,1228,761109,0,0,1,0,0,0
CSV,bluez:4.101-1,20120724T092820Z,13768,4878,214,50876,319,104389,28,15211,28,64916,113285,110,4147,157,60038,29407
CSV,bluez:4.57-1,20091113T035015Z,16918,1603,180,30302,233,73899,14,11792,14,41100,83093,88,5423,99,39497,22612
CSV,bluez:4.84-1,20110112T151121Z,15605,2145,165,36201,252,75441,20,13781,20,50853,74899,98,4876,121,48708,26001
CSV,bluez:5.40-1~exp0,20160726T102714Z,170,335766,2,5680,87,3531,802,901,802,447082,482,0,90,86,111316,0
CSV,git:1:2.0.1-1,20140701T043532Z,7448,158500,296,141883,1272,158757,1539,79957,1539,594445,89378,58,2179,1095,435945,6296
CSV,git:1:1.7.2.5-1,20110227T210607Z,21291,32371,606,172840,1624,206158,508,90657,508,309240,131316,200,6603,1221,276869,17504
CSV,git:1:1.8.4.4-1,20131122T095034Z,9395,129712,366,157749,1398,189940,1338,86451,1338,547604,118484,88,2821,1171,417892,17197
CSV,git:1:1.9~rc0-1,20140128T040055Z,8676,146999,333,142445,1331,177536,1426,82110,1426,567532,113880,75,2579,1127,420533,16638
CSV,git:1:2.5.0-1,20150728T222424Z,3928,219805,175,105236,1005,110637,1866,66137,1866,677219,43658,55,1138,890,457414,6244
CSV,git:1:2.5.0~rc2+next.20150720-1,20150722T034510Z,4125,221042,166,104351,997,106599,1878,65050,1878,683900,37929,54,1175,887,462858,5868
CSV,git:1:2.8.0~rc3+next.20160316-1,20160317T100542Z,1810,303259,91,70663,726,64677,2188,41358,2188,747523,13480,47,479,657,444264,3853
CSV,openssl:1.0.1c-4,20120729T152938Z,7109,1391,510,253623,1810,411328,73,246329,73,169536,137593,721,3209,1195,168145,185112
CSV,openssl:1.0.1e-6,20131223T215453Z,7041,1391,507,253074,1812,412081,73,249387,73,171520,136158,721,3172,1198,170129,185544
CSV,openssl:1.1.0~pre5-1,20160530T101055Z,1139,198492,181,32640,1080,45350,1251,22622,1251,636314,26614,95,525,942,437822,8825
CSV,acl:2.2.47-3,20090703T163004Z,134,646,40,3624,162,5313,9,3072,9,11244,1629,35,81,125,10598,2301
CSV,bash:3.1-2,20060111T000000Z,6,92091,85,147978,543,140697,642,105488,642,585202,27929,0,3,501,493111,0
CSV,bash:3.1-4bpo1,20090114T125110Z,6,92091,85,147978,543,140697,642,105488,642,585202,27929,0,3,501,493111,0
CSV,bluez:4.96-1,20110825T211747Z,14924,3560,149,35056,260,73968,23,14718,23,56286,70611,103,4570,134,52726,27551
CSV,git:1:1.7.9-1~bpo60+1,20120211T214016Z,16720,60977,582,142670,1587,246290,943,78120,943,401528,258728,104,5096,1244,340551,13063
CSV,git:1:2.0.0+next.20140616-1,20140618T044236Z,7266,164843,287,137220,1234,154648,1580,78765,1580,601491,86995,55,2143,1063,436648,6317
CSV,git:1:2.6.2-1,20151024T034534Z,3432,230397,130,91548,957,94338,1934,58626,1934,700708,33924,51,970,867,470311,4579
CSV,openssl:1.0.1g-1,20140408T041430Z,7041,1391,507,253074,1812,412081,73,249387,73,171520,136158,721,3172,1198,170129,185544
CSV,acl:2.2.42-1,20061218T000000Z,147,646,44,3094,160,5277,9,2546,9,10788,2615,35,92,121,10142,2300
CSV,bash:2.03-6,20090802T004153Z,110,3007,548,162018,759,208080,83,55879,83,112363,181194,85,39,443,109356,17069
CSV,bash:3.1-1,20051211T000000Z,6,92091,85,147978,543,140697,642,105488,642,585202,27929,0,3,501,493111,0
CSV,bash:4.2-4wheezy0.1,20121227T032217Z,6,92091,85,147978,543,140697,642,105488,642,585202,27929,0,3,501,493111,0
CSV,bluez:4.101-3,20130926T094444Z,13766,4878,214,50876,319,104389,28,15211,28,64916,113285,110,4146,157,60038,29407
CSV,bluez:4.101-4.1,20140306T101108Z,13766,4878,214,50876,319,104389,28,15211,28,64916,113285,110,4146,157,60038,29407
CSV,bluez:4.60-1,20100124T040011Z,16882,2145,180,29655,228,73475,20,11516,20,41747,83093,91,5406,93,39602,22687
CSV,bluez:4.96-2,20110929T153955Z,14924,3560,149,35056,260,73968,23,14718,23,56286,70611,103,4570,134,52726,27551
CSV,git:1:2.0~next.20140117-1,20140122T041439Z,8676,146999,333,142445,1331,177536,1426,82110,1426,567532,113880,75,2579,1127,420533,16638
CSV,git:1:1.7.2.5-3,20110922T211357Z,21291,32371,606,172840,1624,206158,508,90657,508,309240,131316,200,6603,1221,276869,17504
CSV,git:1:1.7.7.2-1,20111107T223933Z,17455,54893,651,143593,1640,250926,833,78521,833,385732,268000,110,5340,1260,330839,11738
CSV,git:1:1.8.1~rc0-1,20121208T092512Z,13429,96373,465,180936,1505,218283,1158,89439,1158,486359,148038,102,4038,1222,389986,18153
CSV,git:1:1.8.2~rc3-1,20130309T152324Z,12244,100624,421,169156,1475,206804,1207,87529,1207,505807,140376,96,3685,1217,405183,16547
CSV,git:1:1.8.3.1-1,20130612T214629Z,10914,113105,405,159687,1437,200349,1257,85332,1257,517458,138744,95,3289,1187,404353,16936
CSV,git:4.3.20-8,20051209T000000Z,41591,1151,1296,80326,979,215466,13,21370,13,22759,298651,142,14822,260,21608,30586
CSV,openssl:1.0.2e-1,20151203T214229Z,5195,4433,435,95776,1782,243216,163,117831,163,385743,98716,594,2203,1268,381310,174110
CSV,openssl:1.0.2~beta3-1,20141107T041606Z,5567,4149,430,242798,1831,398455,160,265228,160,235745,100130,712,2393,1260,231596,188754
CSV,openssl:1.1.0~pre5-3,20160611T043633Z,967,257269,2486,30864,2777,51756,1487,24438,1487,645701,45151,1399,447,835,388432,3059
CSV,openssl:1.0.1e-4,20131101T220401Z,7097,1391,510,253562,1810,411287,73,246301,73,169597,137593,721,3203,1195,168206,185118
CSV,openssl:1.0.1g-2,20140409T000209Z,7041,1391,507,253074,1812,412081,73,249387,73,171520,136158,721,3172,1198,170129,185544
CSV,openssl:1.0.1k-3+deb8u4,20160301T143410Z,7041,1391,507,253074,1812,412081,73,249387,73,171520,136158,721,3172,1198,170129,185544
CSV,acl:2.2.36-1,20060329T000000Z,160,646,45,2824,160,5238,9,2263,9,10707,2966,35,103,120,10061,2424
CSV,acl:2.2.47-1,20080424T000000Z,134,646,40,3624,162,5313,9,3072,9,11244,1629,35,81,125,10598,2301
CSV,bluez:4.101-2,20130722T093954Z,13768,4878,214,50876,319,104389,28,15211,28,64916,113285,110,4147,157,60038,29407
CSV,bluez:4.96-3,20111003T033109Z,14924,3560,149,35056,260,73968,23,14718,23,56286,70611,103,4570,134,52726,27551
CSV,git:1:1.7.2.5-2,20110429T215532Z,21291,32371,606,172840,1624,206158,508,90657,508,309240,131316,200,6603,1221,276869,17504
CSV,git:1:1.7.9.1-1,20120220T214121Z,16564,61255,581,142385,1585,246061,945,77993,945,401876,258665,103,5044,1243,340621,13079
CSV,git:1:1.8.2.1-1,20130408T154412Z,11897,105203,416,168063,1461,205658,1225,86733,1225,507306,139973,96,3583,1205,402103,16547
CSV,git:1:2.7.0+next.20160112-1,20160120T225934Z,2620,258076,105,80646,869,73771,2039,46873,2039,735571,15449,50,739,792,477495,4575
CSV,git:1:2.7.0~rc0+next.20151210-1,20151211T040840Z,2867,251443,108,82998,883,83008,2024,48720,2024,718944,29724,50,801,804,467501,4575
CSV,git:4.3.20-9,20060427T000000Z,41591,1151,1296,80326,979,215466,13,21370,13,22759,298651,142,14822,260,21608,30586
CSV,openssl:1.0.1e-5,20131222T215323Z,7041,1391,507,253074,1812,412081,73,249387,73,171520,136158,721,3172,1198,170129,185544
CSV,openssl:1.0.1g-3,20140419T221713Z,7041,1391,507,253074,1812,412081,73,249387,73,171520,136158,721,3172,1198,170129,185544
CSV,openssl:1.0.1k-3+deb8u5,20160503T182300Z,7041,1391,507,253074,1812,412081,73,249387,73,171520,136158,721,3172,1198,170129,185544
CSV,openssl:1.1.0~pre5-2,20160611T050640Z,967,257269,2486,30864,2777,51756,1487,24438,1487,645701,45151,1399,447,835,388432,3059
CSV,acl:2.2.39-1,20060623T000000Z,155,646,44,3103,161,5392,9,2544,9,10779,2615,36,99,121,10133,2523
CSV,bash:4.0-1,20090302T161619Z,6,92091,85,147978,543,140697,642,105488,642,585202,27929,0,3,501,493111,0
CSV,git:1:2.1.0~rc2+next.20140808-1,20140809T043737Z,7132,167800,262,133734,1214,150773,1613,77085,1613,607604,84368,56,2106,1055,439804,6360
CSV,openssl:1.0.1e-2+deb7u17,20150613T142522Z,7097,1391,510,253562,1810,411287,73,246301,73,169597,137593,721,3203,1195,168206,185118
CSV,openssl:1.1.0b-1,20160926T221538Z,16,734098,4,515,29,433,6719,233,6719,777317,119,0,8,27,43219,0
CSV,acl:2.2.34-1,20051208T000000Z,170,646,45,2835,160,5244,9,2263,9,10696,2966,35,110,120,10050,2425
CSV,bash:4.2+dfsg-1,20130330T211956Z,6,92091,85,147978,543,140697,642,105488,642,585202,27929,0,3,501,493111,0
CSV,git:1:1.8.5.2-1~bpo70+1,20131231T040015Z,9039,141625,341,147198,1359,180854,1398,83144,1398,561966,114693,84,2697,1147,420341,16673
CSV,git:1:1.9.0~rc3-1,20140208T042311Z,8074,147452,327,149147,1328,171042,1431,87142,1431,578602,96108,73,2361,1128,431150,9688
CSV,openssl:1.0.1e-2+deb7u16,20150324T213121Z,7097,1391,510,253562,1810,411287,73,246301,73,169597,137593,721,3203,1195,168206,185118
CSV,openssl:1.0.1i-2+alpha,20140813T133613Z,7041,1391,507,253074,1812,412081,73,249387,73,171520,136158,721,3172,1198,170129,185544
CSV,openssl:1.0.2b-1,20150611T222219Z,5195,4433,435,95776,1782,243216,163,117831,163,385743,98716,594,2203,1268,381310,174110
CSV,bash:4.0-3,20090517T161239Z,6,92091,85,147978,543,140697,642,105488,642,585202,27929,0,3,501,493111,0
CSV,bash:4.2-5,20120803T033431Z,6,92091,85,147978,543,140697,642,105488,642,585202,27929,0,3,501,493111,0
CSV,bash:4.3-8,20140803T222841Z,25,91640,86,148267,546,140857,640,105517,640,584912,27930,2,12,502,493272,1
CSV,bluez:4.86-1,20110124T085154Z,15530,2347,165,35571,251,75248,21,13954,21,51483,74899,98,4849,120,49136,26073
CSV,git:1:1.7.6.3-1,20110914T211531Z,18305,53054,676,150434,1628,257372,808,80097,808,372903,273175,109,5596,1236,319849,11038
CSV,git:1:1.8.4~rc3-1~bpo70+1,20130925T154815Z,9786,128606,371,159361,1399,191456,1335,87555,1335,545667,118809,89,2955,1169,417061,17187
CSV,openssl:1.0.1e-2+deb7u15,20150319T142928Z,7097,1391,510,253562,1810,411287,73,246301,73,169597,137593,721,3203,1195,168206,185118
CSV,bash:4.0-2,20090321T214901Z,6,92091,85,147978,543,140697,642,105488,642,585202,27929,0,3,501,493111,0
CSV,bash:4.2-4,20120713T033025Z,6,92091,85,147978,543,140697,642,105488,642,585202,27929,0,3,501,493111,0
CSV,bash:4.3-9,20140822T041524Z,23,91640,86,148250,546,140846,640,105512,640,584929,27930,2,11,502,493289,1
CSV,git:1:1.8.2~rc2-1,20130304T032029Z,12238,100326,421,169489,1479,207054,1204,87635,1204,505474,140376,97,3681,1220,405148,16608
CSV,git:1:2.6.0~rc2+next.20150917-1,20150919T033125Z,3731,229110,144,97363,965,98817,1920,61162,1920,694382,34435,52,1071,867,465272,4675
CSV,openssl:1.0.1e-2+deb7u14,20150111T105023Z,7097,1391,510,253562,1810,411287,73,246301,73,169597,137593,721,3203,1195,168206,185118
CSV,openssl:1.0.2~beta2-1,20140723T222657Z,5772,4149,430,242214,1826,397392,160,264080,160,219672,100875,715,2515,1254,215523,187615
CSV,bash:4.0-5,20090913T180913Z,6,92091,85,147978,543,140697,642,105488,642,585202,27929,0,3,501,493111,0
CSV,bash:4.2-3,20120701T162258Z,6,92091,85,147978,543,140697,642,105488,642,585202,27929,0,3,501,493111,0
CSV,bash:4.3-9.1,20140924T220917Z,22,91640,86,148241,546,140842,640,105512,640,584938,27930,2,10,502,493298,1
CSV,bluez:4.87-2,20110209T090445Z,15510,2347,165,35469,251,75432,21,13964,21,51585,74899,98,4842,120,49238,26533
CSV,git:1:1.8.2-1,20130401T214011Z,11825,101119,421,169096,1474,206763,1208,87507,1208,505867,140376,96,3559,1216,404748,16547
CSV,git:1:1.8.5.1-1,20131204T043919Z,9132,140012,342,147599,1364,181236,1393,83488,1393,561545,114713,84,2734,1151,421533,16673
CSV,git:1:2.8.1-1,20160419T100008Z,1882,321425,85,61183,712,58663,2204,39239,2204,757279,13204,46,500,647,435854,3700
CSV,openssl:1.0.1e-2+deb7u13,20141016T154737Z,7097,1391,510,253562,1810,411287,73,246301,73,169597,137593,721,3203,1195,168206,185118
CSV,openssl:1.0.2h-1~bpo8+1,20160707T173116Z,5195,4433,435,95776,1782,243216,163,117831,163,385743,98716,594,2203,1268,381310,174110
CSV,openssl:1.0.1e-2+deb7u8,20140513T052434Z,7097,1391,510,253562,1810,411287,73,246301,73,169597,137593,721,3203,1195,168206,185118
CSV,acl:2.2.41-1,20060726T000000Z,149,646,44,3096,160,5274,9,2544,9,10786,2615,35,94,121,10140,2293
CSV,bash:4.0-4,20090824T051347Z,6,92091,85,147978,543,140697,642,105488,642,585202,27929,0,3,501,493111,0
CSV,bash:4.2-2,20120402T213722Z,6,92091,85,147978,543,140697,642,105488,642,585202,27929,0,3,501,493111,0
CSV,bluez:4.89-1,20110321T175636Z,15416,2347,161,36126,253,74587,21,14203,21,52898,72929,97,4789,124,50551,25916
CSV,bluez:5.33-1,20150818T212935Z,625,194145,29,15212,246,16001,633,6995,633,431069,6591,10,317,227,236924,3205
CSV,git:1:1.7.8.2-1,20120103T214853Z,16866,57150,631,143254,1647,249469,852,78201,852,392632,263977,116,5151,1274,335482,13507
CSV,git:1:1.8.1~rc3-1,20121226T151225Z,13143,97052,464,178316,1501,217518,1162,90699,1162,489085,147932,101,3960,1219,392033,18090
CSV,git:1:1.8.2~rc0-1,20130219T100450Z,12119,100315,423,170242,1479,207442,1203,87601,1203,504663,140434,97,3646,1219,404348,16608
CSV,git:1:2.1.1-1,20140923T101236Z,6504,168820,252,138052,1207,147437,1625,80163,1625,617357,70297,56,1895,1053,448537,6363
CSV,git:1:1.7.2.3-2,20101018T151929Z,21470,32371,606,172847,1624,206164,508,90662,508,309233,131316,200,6647,1221,276862,17504
CSV,openssl:1.0.1e-2+deb7u12,20140806T230253Z,7097,1391,510,253562,1810,411287,73,246301,73,169597,137593,721,3203,1195,168206,185118
CSV,openssl:1.0.1e-2+deb7u9,20140518T130657Z,7097,1391,510,253562,1810,411287,73,246301,73,169597,137593,721,3203,1195,168206,185118
CSV,acl:2.0.8-1,20050312T000000Z,284,472,55,3711,149,6224,7,1761,7,7852,4347,34,196,105,7380,2629
CSV,bash:4.0-7,20090914T173707Z,6,92091,85,147978,543,140697,642,105488,642,585202,27929,0,3,501,493111,0
CSV,bash:4.2-1,20111130T160025Z,6,92091,85,147978,543,140697,642,105488,642,585202,27929,0,3,501,493111,0
CSV,bluez:4.60-1~bpo50+1,20100214T050510Z,16882,2145,180,29655,228,73475,20,11516,20,41747,83093,91,5406,93,39602,22687
CSV,git:1:1.7.2.3-1,20100907T162043Z,21470,32371,606,172847,1624,206164,508,90662,508,309233,131316,200,6647,1221,276862,17504
CSV,git:1:1.8.4.2-1,20131031T035445Z,9472,129712,367,158211,1397,190258,1338,86582,1338,547088,118538,88,2842,1170,417376,17186
CSV,git:1:2.6.0+next.20150928-1,20150930T040107Z,3463,233124,124,88814,947,91424,1950,57784,1950,706013,31652,51,973,860,472889,4598
CSV,openssl:1.0.1c-4+x32,20130118T085204Z,7109,1391,510,253623,1810,411328,73,246329,73,169536,137593,721,3209,1195,168145,185112
CSV,openssl:1.0.1e-2+deb7u11,20140616T183331Z,7097,1391,510,253562,1810,411287,73,246301,73,169597,137593,721,3203,1195,168206,185118
CSV,bash:4.0-6,20090914T053427Z,6,92091,85,147978,543,140697,642,105488,642,585202,27929,0,3,501,493111,0
CSV,bash:4.3-9.2,20140926T043003Z,20,91640,86,148179,546,140801,640,105493,640,585000,27930,2,8,502,493360,1
CSV,bash:4.3~rc1-1,20131228T034846Z,47,90276,87,148498,546,141678,639,105563,639,583317,29294,2,16,502,493041,1
CSV,bluez:4.87-1,20110127T084843Z,15510,2347,165,35469,251,75432,21,13964,21,51585,74899,98,4842,120,49238,26533
CSV,git:1:1.7.10.4-1~bpo60+1,20120929T144413Z,15210,63260,552,195275,1579,242527,983,84502,983,423174,185706,96,4586,1255,359914,19571
CSV,git:1:2.0~next.20140404-1,20140408T041430Z,8210,155109,303,145703,1301,164352,1509,84723,1509,590082,89921,63,2417,1118,434973,8357
CSV,git:1:2.4.6-1,20150722T034510Z,4207,211999,189,113351,1025,116404,1838,66784,1838,666074,46688,53,1193,904,454075,5986
CSV,git:1:2.6.0~rc0+next.20150902-1,20150903T033716Z,3819,227136,149,100150,971,101468,1911,63570,1911,691488,34542,52,1102,871,464352,4675
CSV,openssl:1.1.0~pre6-1,20160804T223450Z,474,388716,2018,14165,2107,53319,3357,8475,3357,689954,61325,1284,217,456,301238,22674
CSV,openssl:1.0.1e-2+deb7u10,20140605T120052Z,7097,1391,510,253562,1810,411287,73,246301,73,169597,137593,721,3203,1195,168206,185118
CSV,openssl:1.0.1g-2+alpha,20140410T132146Z,7041,1391,507,253074,1812,412081,73,249387,73,171520,136158,721,3172,1198,170129,185544
CSV,openssl:1.0.2h-1~bpo8+2,20160823T043921Z,5195,4433,435,95776,1782,243216,163,117831,163,385743,98716,594,2203,1268,381310,174110
CSV,acl:2.2.49-4,20100921T085940Z,71,6605,31,2075,116,3285,61,1892,61,14151,836,30,49,86,7546,1767
CSV,bash:4.3-2,20140305T100745Z,47,90276,87,148498,546,141678,639,105563,639,583317,29294,2,16,502,493041,1
CSV,bluez:5.5-1~exp1,20130525T160539Z,8825,13509,182,57658,456,82330,118,15408,118,204087,85510,22,2637,354,190578,6084
CSV,git:1:1.8.1.1-1,20130116T212239Z,13011,97087,460,177796,1499,216963,1166,90336,1166,489832,147705,100,3934,1219,392745,18090
CSV,openssl:1.0.1e-2+deb7u4,20140202T163543Z,7097,1391,510,253562,1810,411287,73,246301,73,169597,137593,721,3203,1195,168206,185118
CSV,acl:2.2.49-5,20110528T151647Z,71,6605,31,2075,116,3285,61,1892,61,14151,836,30,49,86,7546,1767
CSV,bash:4.3-3,20140319T221749Z,43,91640,86,148489,546,140989,640,105558,640,584690,27930,2,15,502,493050,1
CSV,bluez:5.5-1~exp0,20130525T160539Z,8825,13509,182,57658,456,82330,118,15408,118,204087,85510,22,2637,354,190578,6084
CSV,git:1:1.7.8.3-1~bpo60+1,20120201T224724Z,16842,57150,631,143233,1647,249455,852,78188,852,392653,263977,116,5142,1274,335503,13512
CSV,git:1:1.7.9-1+alpha,20120201T144722Z,16720,60977,582,142670,1587,246290,943,78120,943,401528,258728,104,5096,1244,340551,13063
CSV,openssl:1.0.1e-2+deb7u5,20140407T213614Z,7097,1391,510,253562,1810,411287,73,246301,73,169597,137593,721,3203,1195,168206,185118
CSV,openssl:1.0.1j-1+alpha,20150107T133541Z,7041,1391,507,253074,1812,412081,73,249387,73,171520,136158,721,3172,1198,170129,185544
CSV,git:1:1.8.0-1,20121102T092448Z,13539,93690,478,184010,1506,221502,1144,90795,1144,479959,151056,97,4068,1219,386269,17143
CSV,git:1:1.8.5.3-1,20140117T102821Z,8988,142112,340,147061,1358,180762,1400,83125,1400,562130,114666,84,2679,1146,420018,16673
CSV,git:1:2.5.0+next.20150817-1,20150820T033637Z,3921,224672,155,101233,980,102658,1899,63860,1899,689370,35577,52,1135,877,464698,4647
CSV,openssl:1.0.1e-2+deb7u6,20140408T134531Z,7097,1391,510,253562,1810,411287,73,246301,73,169597,137593,721,3203,1195,168206,185118
CSV,bash:4.3-1,20140304T040604Z,47,90276,87,148498,546,141678,639,105563,639,583317,29294,2,16,502,493041,1
CSV,bluez:4.69-1,20100806T210427Z,16624,2145,175,28177,232,72944,20,11552,20,43839,82479,93,5283,98,41694,23681
CSV,git:1:1.8.4.3-1,20131112T035901Z,9395,129712,366,157749,1398,189940,1338,86451,1338,547604,118484,88,2821,1171,417892,17197
CSV,git:1:2.0~next.20140123-1,20140128T040055Z,8844,147404,329,142685,1329,175752,1430,82829,1430,571819,109353,75,2639,1127,424415,16638
CSV,git:1:2.9.3-1,20160817T042105Z,420,455325,49,40273,445,39030,2505,27814,2505,784150,9866,1,101,420,328825,107
CSV,git:4.3.16-2,20090802T004153Z,41532,1151,1294,80338,980,215620,13,21563,13,22937,298461,143,14802,262,21786,30878
CSV,openssl:1.0.1e-2+deb7u7,20140417T215514Z,7097,1391,510,253562,1810,411287,73,246301,73,169597,137593,721,3203,1195,168206,185118
CSV,openssl:1.1.0a-1,20160922T223930Z,16,734098,4,515,29,433,6719,233,6719,777317,119,0,8,27,43219,0
CSV,bash:4.3-6,20140408T041430Z,36,91640,86,148400,546,140930,640,105530,640,584779,27930,2,14,502,493139,1
CSV,bluez:4.93-1,20110528T040112Z,15146,2347,156,34763,257,74206,21,14517,21,55503,71687,100,4662,129,53156,27446
CSV,git:1:1.7.1-1,20100426T223558Z,22421,31812,639,177285,1611,211252,496,90068,496,298217,136932,197,7019,1193,266405,18220
CSV,git:1:1.7.10.4-1+wheezy3,20160319T151142Z,15210,63260,552,195275,1579,242527,983,84502,983,423174,185706,96,4586,1255,359914,19571
CSV,git:1:1.7.6~rc2-1,20110623T212752Z,18822,52203,681,151475,1642,258251,792,80401,792,371441,273596,109,5758,1247,319238,11031
CSV,git:1:1.7.8~rc0-1,20111031T212614Z,17342,56045,642,144307,1656,250010,838,78544,838,391200,264356,116,5296,1277,335155,12813
CSV,git:1:1.8.5.2-2,20140110T220106Z,9039,141625,341,147198,1359,180854,1398,83144,1398,561966,114693,84,2697,1147,420341,16673
CSV,git:1:1.9.1-1~bpo70+1,20140408T041430Z,8241,148751,319,148934,1321,169275,1439,86776,1439,580460,94463,68,2427,1128,431709,8377
CSV,acl:2.2.49-1,20091124T155530Z,78,6597,34,2108,116,3341,60,1894,60,14064,890,30,53,84,7467,1791
CSV,bash:4.3-7,20140419T102640Z,36,91640,86,148400,546,140930,640,105530,640,584779,27930,2,14,502,493139,1
CSV,bluez:4.81-1,20101203T032652Z,15771,2145,165,36748,252,75902,20,14401,20,50306,74899,98,4937,121,48161,25757
CSV,git:1:1.7.10.4-1+wheezy2,20160105T205136Z,15210,63260,552,195275,1579,242527,983,84502,983,423174,185706,96,4586,1255,359914,19571
CSV,openssl:1.0.1e-2+deb7u1,20140101T121854Z,7097,1391,510,253562,1810,411287,73,246301,73,169597,137593,721,3203,1195,168206,185118
CSV,acl:2.2.49-2,20100203T101155Z,78,6597,34,2108,116,3341,60,1894,60,14064,890,30,53,84,7467,1791
CSV,bash:4.3-4,20140321T222019Z,37,91640,86,148402,546,140932,640,105531,640,584777,27930,2,14,502,493137,1
CSV,bluez:4.66-3~bpo50+1,20101228T013751Z,16720,2145,178,28891,229,73123,20,11372,20,42915,82689,91,5321,95,40770,23294
CSV,bluez:4.93-3,20110531T154943Z,15146,2347,156,34763,257,74206,21,14517,21,55503,71687,100,4662,129,53156,27446
CSV,git:1:1.7.10.4-1+wheezy1,20121124T104944Z,15210,63260,552,195275,1579,242527,983,84502,983,423174,185706,96,4586,1255,359914,19571
CSV,git:1:1.8.1.3-1,20130208T152838Z,12632,97957,453,177316,1493,216191,1174,89993,1174,490936,147087,98,3837,1218,392979,17987
CSV,git:1:1.8.4-1,20130825T034756Z,9825,129092,371,159486,1398,191510,1336,87508,1336,545542,118809,89,2966,1168,416450,17217
CSV,git:1:2.8.1+next.20160414-1,20160419T100008Z,1812,334277,68,58290,663,55424,2257,38577,2257,762140,11236,37,479,611,427863,2746
CSV,openssl:1.0.1e-2+deb7u19,20160108T152846Z,7097,1391,510,253562,1810,411287,73,246301,73,169597,137593,721,3203,1195,168206,185118
CSV,openssl:1.0.1e-2+deb7u2,20140107T155302Z,7097,1391,510,253562,1810,411287,73,246301,73,169597,137593,721,3203,1195,168206,185118
CSV,acl:2.2.49-3,20100608T170015Z,71,6605,31,2075,116,3285,61,1892,61,14151,836,30,49,86,7546,1767
CSV,bash:4.3-5,20140329T220141Z,36,91640,86,148400,546,140930,640,105530,640,584779,27930,2,14,502,493139,1
CSV,bluez:4.93-2,20110531T154943Z,15146,2347,156,34763,257,74206,21,14517,21,55503,71687,100,4662,129,53156,27446
CSV,git:1:1.7.1-1.1,20100727T151203Z,22421,31812,639,177285,1611,211252,496,90068,496,298217,136932,197,7019,1193,266405,18220
CSV,git:1:1.8.1-1,20130101T091755Z,13158,96732,463,178297,1502,217512,1162,90720,1162,489118,147918,101,3965,1220,392386,18090
CSV,git:1:1.8.5.2-1,20131218T034709Z,9039,141625,341,147198,1359,180854,1398,83144,1398,561966,114693,84,2697,1147,420341,16673
CSV,git:1:1.9.1-1~bpo70+2,20140409T045148Z,8241,148751,319,148934,1321,169275,1439,86776,1439,580460,94463,68,2427,1128,431709,8377
CSV,git:4.3.16-6,20090802T004153Z,41591,1151,1296,80326,979,215466,13,21370,13,22759,298651,142,14822,260,21608,30586
CSV,openssl:1.0.1e-2+deb7u18,20151204T074052Z,7097,1391,510,253562,1810,411287,73,246301,73,169597,137593,721,3203,1195,168206,185118
CSV,openssl:1.0.1e-2+deb7u3,20140107T155302Z,7097,1391,510,253562,1810,411287,73,246301,73,169597,137593,721,3203,1195,168206,185118
CSV,bash:2.01-0bo5.3,20090802T004153Z,114,1622,595,169333,721,212121,38,54334,38,86626,185217,109,43,369,85004,15359
CSV,bash:2.05b-2-26,20050312T000000Z,6,92091,85,147978,543,140697,642,105488,642,585202,27929,0,3,501,493111,0
CSV,git:1:1.7.2.3-2.2,20101216T144753Z,21470,32371,606,172847,1624,206164,508,90662,508,309233,131316,200,6647,1221,276862,17504
CSV,git:1:1.8.3-1,20130530T215242Z,10775,113105,406,159699,1436,200561,1257,85730,1257,517432,138758,95,3254,1186,404327,16936
CSV,openssl:1.0.2-1,20150123T220434Z,5195,4433,435,95776,1782,243216,163,117831,163,385743,98716,594,2203,1268,381310,174110
CSV,bluez:4.91-1,20110412T092948Z,15229,2347,157,34986,258,74844,21,14612,21,54702,72265,104,4705,128,52355,27826
CSV,git:1:1.7.2.3-2.1,20101125T024346Z,21470,32371,606,172847,1624,206164,508,90662,508,309233,131316,200,6647,1221,276862,17504
CSV,git:1:1.7.5~rc3-1,20110420T155338Z,19240,48259,712,156287,1647,263907,765,82474,765,361192,277434,109,5878,1237,312933,11619
CSV,git:1:1.7.8~rc2-1,20111116T221300Z,17330,56229,639,144165,1653,250162,845,78381,845,391437,264293,117,5293,1275,335208,13485
CSV,bash:2.05b-2-24,20050312T000000Z,6,92091,85,147978,543,140697,642,105488,642,585202,27929,0,3,501,493111,0
CSV,git:1:1.7.5.1-1,20110506T153154Z,19277,48312,709,156130,1646,263745,768,82360,768,361402,277381,109,5893,1237,313090,11619
CSV,git:1:1.8.4~rc0-1,20130731T093931Z,10295,127319,373,152466,1408,193460,1326,83645,1326,537919,133452,91,3128,1176,410600,17358
CSV,git:1:1.9.0-1,20140218T221200Z,8457,148013,325,149046,1324,170648,1435,87150,1435,579027,95784,72,2497,1126,431014,9316
